,0
0,com.sagosago.Trains.Trial.googleplay.apk
1,com.fgz.futuristic.flying.rocket.transform.robot.fighting.games.apk
2,com.sinyee.babybus.world.apk
3,com.bandagames.mpuzzle.gp.apk
4,com.YovoGames.dentist.apk
5,com.miga.myfirestation.apk
6,com.quok.blobRunner.apk
7,com.funtomic.matchmasters.apk
8,com.turner.cnja.br.apk
9,com.tapped.drawrider.apk
10,com.mgae.comlolsurprise.ballpop.apk
11,com.gamesforkids.preschoolworksheets.alphabets.apk
12,com.tubitv.apk
13,ar.macro.apk
14,com.budgestudios.TransformersRescueBotsHeroAdventures.apk
15,com.bubadu.pixie.apk
16,com.sinyee.babybus.habits.apk
17,com.supercell.brawlstars.apk
18,com.google.android.apps.youtube.creator.apk
19,droidhang.twgame.restaurant.apk
20,com.auxbrain.egginc.apk
21,com.streema.simpleradio.apk
22,ele.chaco.gob.ar.apk
23,com.traffic.sniper.strike.apk
24,com.weegoon.thiefpuzzle.apk
25,com.holucent.math.apk
26,com.redberry.glitter123Abc.apk
27,com.devgame.robocar.poli.city.game.amber.kids.free.apk
28,com.toycantando.lavacalola.apk
29,com.tutotoons.app.candylockshairsalon.free.apk
30,com.KidsFreeGame.Piano.Rhymes.Rhymes.apk
31,com.easygames.resize.apk
32,com.storytoys.myveryhungrycaterpillar.free.android.googleplay.apk
33,com.lingodeer.apk
34,mytown.hotel.free.apk
35,com.endless.healthyrecipes.apk
36,com.PSVGamestudio.HippoSchoolBus.apk
37,com.wb.goog.legoswtfa.apk
38,com.diandian.gog.apk
39,com.yelp.android.apk
40,com.cg.cowboy.apk
41,com.netfreegames.mcreator.apk
42,com.particlenews.newsbreak.apk
43,air.com.lunime.gachalife.apk
44,com.bike.stunt.d.master.games.apk
45,com.trivia.star.android.apk
46,com.princess.coloring.apk
47,com.hippo_kids_games.girls_dress_up.newborn_baby_care.apk
48,air.com.hypah.io.slither.apk
49,photoeditor.layout.collagemaker.apk
50,com.gamebasics.osm.apk
51,com.psvnMaB.Goodnight.apk
52,com.fishbrain.app.apk
53,com.wf.wellsfargomobile.apk
54,free.os.jump.superbros.adventure.world.apk
55,com.tutotoons.app.babytigercare.free.apk
56,com.microsoft.office.outlook.apk
57,com.gpg.ninemonths.apk
58,com.discovery.discoveryplus.mobile.apk
59,com.kad.ohgod.apk
60,com.nag.virtual.mom.newborn.baby.familygames.apk
61,com.soundmax.tubeplayermp3.downloadfreemusic.apk
62,com.ixl.ixlmath.apk
63,com.rds.bat.bike.robot.transformation.superhero.games.apk
64,mytown.school.free.apk
65,com.style.sticker.apk
66,com.WildWorks.RyansTag.apk
67,com.indocipta.kidspiano.apk
68,com.customsolutions.android.alexa.apk
69,com.zareklamy.apk
70,com.minibuu.princessphone2.apk
71,com.recorder.screenrecorder.capture.apk
72,com.google.android.apps.translate.apk
73,com.superbinogo.jungleboyadventure.apk
74,io.hexman.xiconchanger.apk
75,com.forqan.tech.Jobs.apk
76,blaze.dragonisland.racemission.apk
77,ru.projectfirst.leo.cars2.apk
78,com.synthesia.synthesia.apk
79,com.paradyme.solarsmash.apk
80,com.stickman.warriors.stickwarriors.dragon.shadow.fight.apk
81,com.alibaba.intl.android.apps.poseidon.apk
82,com.drpanda.restaurant3.apk
83,com.plato.android.apk
84,com.bubadu.duddu.apk
85,com.iz.world.pretend.play.life.my.princess.games.town.city.house.wonder.doll.apk
86,com.bubadu.doctorkids.apk
87,com.sinyee.babybus.tailor.apk
88,com.mattel.hwid.apk
89,com.amazon.avod.thirdpartyclient.apk
90,com.miga.mystore.apk
91,com.musicops.vanillamusicdownload.apk
92,com.DefaultCompany.CatNDog.apk
93,com.sinyee.babybus.cultivation.apk
94,ai.mybuddy.talkingflashcards_new.apk
95,com.huanliao.tiya.apk
96,com.joelapenna.foursquared.apk
97,com.Born2Play.StackyDash.apk
98,com.bbg.motorcar.wash.carservice.apk
99,com.womboai.wombo.apk
100,com.KidsAcademy123.games.kids.learning.apk
101,com.outfit7.mytalkingtom2.apk
102,com.bgg.jump.apk
103,com.banistmo.transaccional.personas.apk
104,com.camelgames.superking.apk
105,com.simplywerx.compass2d.apk
106,com.rrjs.unofriend.apk
107,co.realvsoftware.ryderscom.apk
108,co.com.sura.seguros.apk
109,com.tutotoons.app.fluvsies.free.apk
110,com.iz.coloring.games.kids.drawing.book.color.by.number.apk
111,com.shotzoom.golfshot2.apk
112,com.dancing.smash.hop.game.tiles.circles.beat.paino.apk
113,com.google.android.apps.jam.apk
114,com.cutestudio.neonledkeyboard.apk
115,com.cisco.webex.meetings.apk
116,com.google.android.play.games.apk
117,com.google.android.apps.messaging.apk
118,org.khankids.android.apk
119,com.cocoplay.cocorockstar.apk
120,com.thoc.kidsvideos.apk
121,com.crazylabs.foot.doctor.apk
122,net.cleverbit.CuteAnimalsJigsaw.apk
123,com.hippo.CousinWedding.apk
124,com.microsoft.office.word.apk
125,photo.editor.photoeditor.photoeditorpro.apk
126,com.bubadu.mybabyfood.apk
127,com.mobile.number.locator.phone.caller.location.apk
128,com.spacegame.homedesign.apk
129,com.fungames.blockcraft.apk
130,com.mkarpenko.worldbox.apk
131,com.KhoGames.TowerBlocks3.apk
132,com.nintendo.zaka.apk
133,com.braindom2riddle.apk
134,com.ebay.mobile.apk
135,com.quesoy.apk
136,com.sunny.paint.learn.animals.apk
137,com.sinyee.babybus.diyII.apk
138,com.sinyee.babybus.wobunanguo.apk
139,com.pjmasks.moonlightheroes.apk
140,com.OnSoft.android.BluetoothChat.apk
141,xyz.easypro.httpcustom.apk
142,com.thehomedepot.apk
143,com.sinyee.babybus.holiday.apk
144,com.bitso.wallet.apk
145,com.geishatokyo.trafficrun.apk
146,com.yokee.piano.keyboard.apk
147,com.osloalbet.forest.apk
148,com.babyshark.coloringdodo.apk
149,com.eyup.MeowMusic.apk
150,com.cbs.tve.apk
151,com.gokids.transportbuilding.apk
152,com.playmobil.luxusvilla.apk
153,com.truecaller.apk
154,com.sinyee.babybus.dinosaurIII.apk
155,com.virtualmaze.offlinemapnavigationtracker.apk
156,jp.smarteducation.tofusushi.apk
157,com.beansprites.rainbowslushytruckFREE.apk
158,com.anydo.apk
159,com.cleanteam.oneboost.apk
160,com.cutie.merge.garden.apk
161,com.dominospizza.apk
162,fi.reworks.redecor.apk
163,com.kgs.housedesigner.apk
164,com.canva.editor.apk
165,com.sofascore.results.apk
166,com.block.game.jigsaw.puzzles.apk
167,com.greenrocket.cleaner.apk
168,com.caribu.Caribu.apk
169,com.storytoys.lego.duplo.world.kids.play.free.friends.animals.android.googleplay.apk
170,com.forqan.tech.PrincessColoring.apk
171,mylittleprincess.fairy.free.apk
172,downloader.vitmate.downloaderapp.apk
173,com.LaMark.DisneyStorytime.apk
174,com.miga.myschool.apk
175,com.bonbongame.car.tuning.vehicle.builder.apk
176,com.sinyee.babybus.foodstory.apk
177,com.stx.pullhimout.apk
178,com.outfit7.talkingtomgoldrun.apk
179,com.knights.bikesstunt.motomaster.apk
180,com.intsig.camscanner.apk
181,com.google.android.apps.docs.editors.docs.apk
182,com.PepiPlay.PepiShopping.apk
183,com.qiiwi.wordington.apk
184,com.vincentb.RollyLegs.apk
185,com.facebook.mlite.apk
186,com.global.ztmslg.apk
187,com.kinder.spass.cocomelon.apk
188,com.microsoft.office.powerpoint.apk
189,com.JindoBlu.TwoPlayerGamesChallenge.apk
190,com.trochoi.constructionvehicles.apk
191,com.masomo.basketballarena.apk
192,com.budgestudios.MyLittlePonyHarmonyQuest.apk
193,com.camvision.qrcode.barcode.reader.apk
194,com.yasapets.xmas.apk
195,com.amazon.mp3.apk
196,com.king.candycrushsaga.apk
197,com.appquiz.Baby_Phone.apk
198,com.sec.android.easyMover.apk
199,com.airbnb.android.apk
200,com.animedressupgames.chibi.apk
201,com.mistplay.mistplay.apk
202,com.cb.pregnant.mom.baby.newborn.care.games.apk
203,com.gamesforkids.puzzlekids.girlsgames.apk
204,idm.internet.download.manager.apk
205,com.facebook.lite.apk
206,com.antivirus.apk
207,com.airydress.android.apk
208,gov.irs.apk
209,com.kanishka_developer.SketchPad.apk
210,com.miniworld.mastercrafting.survivalboxbuilding20.apk
211,mytown.hauntedhouse.free.apk
212,com.foofoo.christmascoloring.apk
213,com.kidgame.supermarket.apk
214,com.blyts.trucolite.activities.apk
215,com.cassette.aquapark.apk
216,com.blackbean.tinypuzzle.apk
217,com.fdgentertainment.bananakong.apk
218,com.ProcessGames.MustangDriftSimulator.apk
219,com.lagranjadezenon.sininternet.apk
220,com.sinyee.babybus.drinks.apk
221,mytown.friendshouse.free.apk
222,com.tapblaze.pizzabusiness.apk
223,com.moonfrog.ludo.club.apk
224,com.psv.vlad_and_nikita.racing.apk
225,com.budgestudios.googleplay.StrawberryShortcakeIceCreamIsland.apk
226,com.clarocolombia.miclaro.apk
227,com.gameloft.android.ANMP.GloftDMHM.apk
228,com.youdao.hindict.apk
229,com.mercadopago.wallet.apk
230,com.mmircil.cnb2.apk
231,epic.mychart.android.apk
232,com.arccosgolf.androidFlagship.apk
233,com.casual.stairwaytoheaven.apk
234,com.loop.match3d.apk
235,com.budgestudios.googleplay.ThomasAndFriendsMagicalTracks.apk
236,mytown.mall.free.apk
237,com.sinyee.babybus.birthdaypartyII.apk
238,com.sinyee.babybus.organizedII.apk
239,com.libii.fashioncelebrity.apk
240,com.alien.shooter.galaxy.attack.apk
241,com.microsoft.office.excel.apk
242,mytown.garage.free.apk
243,com.tranzmate.apk
244,com.hypercarrot.giantrush.apk
245,com.redberry.glitterbeauty.apk
246,com.hippo_kids_games.for_girls_boys.water_slide_park.apk
247,com.mobadu.BlockyMotoRacing.apk
248,com.cihan.crashmasterrr.apk
249,es.monkimun.lingokids.apk
250,fingerpaint.color.draw.magic.land.of.games.apk
251,com.stealthgame.master.apk
252,com.slippy.linerusher.apk
253,mytown.wedding.free.apk
254,pdf.tap.scanner.apk
255,com.smo.deepcleaninc3d.apk
256,com.plattuo.sniper.shooting.counterterrorist.apk
257,me.lyft.android.apk
258,com.evilduck.musiciankit.apk
259,com.mamara.bakery.apk
260,com.drpanda.town.street.apk
261,com.ea.game.pvzfree_row.apk
262,com.propel.ebenefits.apk
263,com.KidsGames.SuperHippo2.apk
264,air.educaplanet.grin.leo1.full.apk
265,com.miga.myapartment.apk
266,com.pronetis.ironball2.apk
267,com.forqan.tech.BeautyColoring.apk
268,com.jetstartgames.chess.apk
269,ksmart.watch.connecting.apk
270,com.renderedideas.skaterkid.apk
271,com.ction.playergames.apk
272,com.imvu.mobilecordova.apk
273,com.wazzapps.idle.streamer.apk
274,com.imctoys.crybabiesmagictears.apk
275,com.sinyee.babybus.icecream.apk
276,com.iz.unicorn.coloring.book.games.glitter.free.colouring.pages.pony.princess.animal.drawing.girls.color.apk
277,com.google.socratic.apk
278,com.myklarnamobile.apk
279,com.fusionprojects.edmodo.apk
280,com.intuit.turbotax.mobile.apk
281,mytown.fashion.apk
282,com.toycantando.vocales.apk
283,com.lexus.oneapp.apk
284,com.google.android.keep.apk
285,com.microsoft.teams.apk
286,com.app.go.player.apk
287,com.Pizia.VoodooDoll.apk
288,com.binibambini.MiniABCLite.apk
289,com.gemini.android.app.apk
290,com.differencetenderwhite.skirt.apk
291,air.com.aceviral.motox3m.apk
292,com.discord.apk
293,com.quvideo.xiaoying.apk
294,com.playtoddlers.vacationhotelstories.free.apk
295,com.chickfila.cfaflagship.apk
296,fi.twomenandadog.zombiecatchers.apk
297,com.movile.playkids.pkxd.apk
298,com.tutotoons.app.mybabyunicorn.free.apk
299,com.fugo.wow.apk
300,com.sega.tokyo.apk
301,com.pco.app.cliente.apk
302,com.piupiuapps.puzzlekidsgirls.apk
303,com.games.furyshot.apk
304,com.maxgames.stickwarlegacy.apk
305,com.heartom.dividir.apk
306,com.rickyzoom.welcometowheelford.apk
307,com.GamesForKids.Mathgames.MultiplicationTables.apk
308,com.mercadolibre.apk
309,com.merizakapp.pawycoloringbook.apk
310,com.qs.tattoo.apk
311,bp.bloodpressureinfo.apk
312,com.budgestudios.BarbieMagicalFashion.apk
313,com.pandora.android.apk
314,com.ninjakiwi.btdadventuretime.apk
315,com.sinyee.babybus.princess.apk
316,com.outfit7.herodash.apk
317,com.monodijital.carpin.apk
318,com.sinyee.babybus.rescueII.apk
319,com.imayi.dinopolicefree.apk
320,me.pou.app.apk
321,com.pinterest.apk
322,com.blyts.chinchon.apk
323,com.jy.game.gear.car.apk
324,com.pedidosya.apk
325,makeup.salon.games.apk
326,com.n9n.mother.game.apk
327,com.indeed.android.jobsearch.apk
328,com.edujoy.Masha.Bear.apk
329,video.reface.app.apk
330,com.toyota.oneapp.apk
331,com.kiloo.subwaysurf.apk
332,com.YsoCorp.StretchGuy.apk
333,com.crazylabs.lady.bug.apk
334,com.StudioFurukawa.PixelCarRacer.apk
335,com.disney.datg.videoplatforms.android.watchdc.apk
336,com.univision.prendetv.apk
337,com.gokids.livenumbers.apk
338,jp.co.taito.groovecoasterzero.apk
339,com.tellmewow.senior.hangman.apk
340,org.pbskids.danieltigerforparents.apk
341,com.music.youngradioplus.apk
342,com.unicostudio.braintest2new.apk
343,com.sinyee.babybus.adventure.apk
344,org.blubblub.app.speechblubs.apk
345,air.com.KalromSystems.SandDrawLite.apk
346,com.devgame.masha.and.bear.pizzeria.games.apk
347,com.peoplefun.wordcross.apk
348,com.yasapets.town.apk
349,com.sushirolls.app.apk
350,org.cambridgeenglish.examprepapp.apk
351,com.drilens.wamr.apk
352,com.myhomescreen.sms.apk
353,com.qrfamily.qrcodereaderscanner.apk
354,com.playtoddlers.sweethomestories.free.apk
355,com.tutotoons.app.partypopteeniessurprise.free.apk
356,com.livongo.lvmobility.apk
357,com.cbs.app.apk
358,ru.projectfirst.leo.songs.apk
359,salon.games.apk
360,com.fingerlab.block.wordgame.apk
361,com.aim.racing.apk
362,com.cb.pregnantmom.babyunicorn.caregames.apk
363,com.free.fastvpn.apk
364,com.vividdgames.monstertruckfighter.crash.fearlessstunts.fighting.adventure.apk
365,com.sms.babytoy.learninggames.educationaltoy.apk
366,com.bubadu.bubbuschool.apk
367,com.smartwatch.bluetooth.sync.notifications.apk
368,com.regasoftware.udisc.apk
369,air.bullstudios.fairyhorsecare.apk
370,com.starbucks.mobilecard.apk
371,com.allenmm.archery.apk
372,com.documentreader.documentapp.filereader.apk
373,com.Q360Media.KinderLingo_English.apk
374,com.nike.plusgps.apk
375,com.efecto3d.pollitopio.apk
376,com.sinyee.babybus.dentistII.apk
377,com.firsttouchgames.story.apk
378,co.brainly.apk
379,com.roku.remote.apk
380,com.infigames.babyphonetoy.apk
381,com.pjmasks.heroacademy.apk
382,com.activision.callofduty.shooter.apk
383,com.amayasoft.dinosaur.games.little.kids.toddlers.apk
384,com.budgestudios.googleplay.BudgeRacing.apk
385,ru.zengalt.simpler.apk
386,com.todo1.mobile.apk
387,com.everbytestudio.interactive.text.chat.story.rpg.cyoa.duskwood.apk
388,block.puzzle.sudoku.free.game.classic.offline.apk
389,com.amelosinteractive.snake.apk
390,com.unicostudio.braintest.apk
391,com.imaginalis.HouseFlipperMobile.apk
392,com.playzio.snakesandladders.apk
393,com.tutotoons.app.sweetbabygirlcleanup5.free.apk
394,com.bigwinepot.nwdn.international.apk
395,com.time.trigger.apk
396,com.classdojo.android.apk
397,kr.co.smartstudy.tracingworld_android_googlemarket.apk
398,com.devgame.kid.e.cats.animal.doctor.apk
399,com.GMA.Ball.Sort.Puzzle.apk
400,games.spearmint.matchanimal.apk
401,com.vectorunit.purple.googleplay.apk
402,com.playgendary.tom.apk
403,com.superbox.aos.fire2048.apk
404,com.apps2us.slither.slink.io.apk
405,br.com.tapps.donotdisturb3.apk
406,com.bubadu.bubburestaurant.apk
407,br.com.ridsoftware.shoppinglist.apk
408,com.adobe.lrmobile.apk
409,com.patrol_kids_games.off_road_racing.monster_truck.apk
410,com.edujoy.Princess_Beauty_Salon.apk
411,com.blake.readingeggs.android.apk
412,io.voodoo.holeio.apk
413,com.yy.biu.apk
414,com.spinmaster.mightyexpressgamesworld.apk
415,com.jdpapps.wordsearch.apk
416,com.apple.movetoios.apk
417,com.CoolAwesomeFun.KidsRacing.apk
418,com.yorfstudio.sea.apk
419,com.movilred.subscriber.apk
420,com.cheitotech.guiadefreefire.apk
421,com.RBSSOFT.HyperMobile.apk
422,kr.co.smartstudy.kidspuzzlefun_android_googlemarket.apk
423,air.com.tutotoons.app.animalhairsalon2jungle.free.apk
424,com.fic.buenovela.apk
425,com.berniiiiiiii.memorize.apk
426,com.giantssoftware.fs14.apk
427,com.submarineapps.mill.apk
428,com.playrix.gardenscapes.apk
429,com.calm.android.apk
430,com.ohmgames.cheatandrun.apk
431,com.funcamerastudio.videomaker.apk
432,com.pepiplay.pepihome.apk
433,com.ninjakiwi.monkeycity.apk
434,com.cedar.tropical.forest.match3.story.apk
435,com.drawely.drawely.apk
436,com.tutotoons.app.animalhairsalonaustralia.free.apk
437,com.happytools.learning.kids.games.apk
438,com.block.jigsaw.puzzle.gallery.apk
439,com.tabtale.teacher.apk
440,com.tom.raibowtodolist.apk
441,tv.twitch.android.app.apk
442,com.digitalcosmos.shimeji.apk
443,mytown.farm.free.apk
444,com.iabuzz.puzzle4kidsAnimals.apk
445,com.creditkarma.mobile.apk
446,com.minibuu.princesscashregister.apk
447,com.mobile.android.smartick.apk
448,com.budgestudios.googleplay.DCSuperHeroGirls.apk
449,com.rvappstudios.shapes.colors.toddler.apk
450,com.services.movistar.ar.apk
451,com.google.earth.apk
452,com.alibaba.aliexpresshd.apk
453,ru.fotostrana.sweetmeet.apk
454,com.binibambini.abc.apk
455,com.lszenlamzr.parkingjam.apk
456,com.learninga_z.onyourown.apk
457,com.snowcorp.stickerly.android.apk
458,com.okco.okplay.apk
459,com.orange.coloring.learn.kids.animals.apk
460,air.com.superbook.bible.trivia.quiz.game.android.app.apk
461,com.altrigit.qrscanner.apk
462,com.yolostudio.theimpostor.apk
463,mylittleprincess.stores.free.apk
464,ch.publisheria.bring.apk
465,com.ysjmwdfz.mfnmsen.apk
466,ar.gob.afip.mobile.android.contribuyentes.mi_afip.apk
467,com.starstable.horses.apk
468,com.quantumgames.skyscraper.apk
469,com.manifesto.elreino.apk
470,com.cb.ice.mommy.newborn.babycare.nursery.apk
471,io.faceapp.apk
472,com.braindom.apk
473,com.wildspike.wormszone.apk
474,com.instagram.android.apk
475,mytown.police.apk
476,mbte.jt.controlplay.apk
477,com.libii.frozenballerinaqueena.apk
478,com.mattel.barbiesparkleblastkids.apk
479,com.os.falcon.among.impostor.z.apk
480,com.yum.pizzahut.apk
481,com.game.jam.erase.life.apk
482,com.miathecat.welcomebaby.apk
483,me.zepeto.main.apk
484,com.bubadu.bubbu.apk
485,com.duolingo.apk
486,com.casual.impostor.smasher.apk
487,com.spotify.music.apk
488,com.pdfreader.pdfeditor.pdfreadeforandroid.pdfeditorforandroidfree.apk
489,com.alphapotato.prankster.apk
490,qrcodereader.barcodescanner.scan.qrscanner.apk
491,com.palabs.fonty.apk
492,com.phonevalley.progressive.apk
493,com.telea7la.arabspiano.apk
494,com.target.ui.apk
495,com.minibuu.princesscomputer.apk
496,com.chewy.android.apk
497,com.tocaboca.tocakitchen2.apk
498,com.YovoGames.doctorBear.apk
499,com.peppapig.worldofpeppapig_g.apk
500,air.com.girlyapps.babybunnythecutestpet.apk
501,com.orange.magic.board.doodle.coloring.apk
502,com.preschoolacademy.toddlerpreschoollearning.apk
503,com.petitbambou.apk
504,com.tutotoons.app.kpopsiescuteunicornpets.apk
505,com.sgs.antiterrorism.counterattack.commandomissiongame.apk
506,com.vladmadgames.coloring.rainbowunicorns.apk
507,com.armnomads.hamstermazer.apk
508,com.usps.myusps_mobile_app_android.apk
509,com.dobroapps.anti.stress.apk
510,com.rvappstudios.kids.coloring.book.color.painting.apk
511,com.babygameseeepe.shreyak.babygames.apk
512,com.sinyee.babybus.market.apk
513,com.tintash.nailsalon.apk
514,com.medicalgroupsoft.medical.directorymedtermsmultilang.free.apk
515,com.BallGames.Woodturning.apk
516,com.sirius.apk
517,com.linio.android.apk
518,com.frojo.cat.apk
519,com.innersloth.spacemafia.apk
520,com.tutotoons.app.littlekittytown.free.apk
521,com.tutoplay.app.apk
522,musicplayer.musicapps.music.mp3player.apk
523,ro.heykids.povesti.desene.app.apk
524,com.iz.play.animal.town.pretend.squirrel.house.kids.apk
525,com.miga.myvacation.apk
526,com.turner.boomerangmakeandrace2.apk
527,com.mt.minitown.apk
528,com.discovery.kids.es.apk
529,com.emoji.coolkeyboard.apk
530,com.europosit.pixelcoloring.apk
531,jp.ne.ibis.ibispaintx.app.apk
532,com.splendapps.voicerec.apk
533,com.mobile.legends.apk
534,com.budgestudios.StrawberryShortcakeSweetShop.apk
535,com.rvappstudios.math.kids.counting.apk
536,br.com.tapps.myvirtualpetshop.apk
537,com.kfs.pizza.burger.maker.make.kitchen.chef.cooking.bake.fever.factory.apk
538,com.miga.world.apk
539,com.opera.app.news.apk
540,com.budgestudios.HelloKittyNailSalon.apk
541,com.aa.android.apk
542,com.tilemaster.puzzle.block.match.apk
543,com.themausoft.wpsapp.apk
544,movistar.android.app.apk
545,com.robinhood.android.apk
546,com.topgamesinc.evony.apk
547,com.oki.colors.apk
548,com.groupon.apk
549,com.ypf.jpm.apk
550,com.vladmadgames.coloring.dinorobots.apk
551,com.sinyee.babybus.earthquakeII.apk
552,com.ibragunduz.applockpro.apk
553,com.uncosoft.highheels.apk
554,com.dd.doordash.apk
555,com.lemon.lvoverseas.apk
556,com.sinyee.babybus.navigation.apk
557,com.aquiris.horizonchase.apk
558,free.music.downloader.app.mp3.download.popular.songs.albums.abb.apk
559,com.sagosago.Camping.googleplay.apk
560,com.bubadu.supermarket2.apk
561,com.sinyee.babybus.familyday.apk
562,com.frojo.moy7.apk
563,com.jockeygames.rampcar.stuntsfree.impossibletracks.stuntdriving.mega.car.apk
564,game.bubble.shooter.dragon.pop.apk
565,com.downloadtiktok.snaptubofficiele.apk
566,com.sanitariumdesigns.mouseconv.apk
567,com.nike.omega.apk
568,coloring.color.number.happy.paint.art.drawing.puzzle.apk
569,com.kidsfoodinc.unicorn.cooking.game.apk
570,com.shazam.android.apk
571,com.os.airforce.apk
572,com.PepiPlay.KingsCastle.apk
573,com.pzl1.toddler.puzzles.apk
574,com.sinyee.babybus.career.apk
575,com.candywriter.bitlife.apk
576,com.piupiuapps.coloringglitterkawaii.apk
577,com.tabtale.babytwins.apk
578,com.sinyee.babybus.cosmetology.apk
579,com.nexstreaming.app.kinemasterfree.apk
580,com.google.android.apps.fitness.apk
581,com.candyrufusgames.survivalcrafttrial.apk
582,com.lescapadou.tracingfree.apk
583,com.hambastudio.linecolor.apk
584,com.gonoodle.gonoodle.apk
585,com.shopify.arrive.apk
586,air.com.starfall.more.apk
587,com.edutainment.mashadentist.apk
588,com.noorgames.timbercraft.apk
589,com.coinbase.android.apk
590,air.com.lunime.gachaclub.apk
591,air.com.kjdksqjksdjsqjhdqshjhdsdqsd.sqdsersdfg.apk
592,com.appgeneration.itunerfree.apk
593,com.tutotoons.app.hannahsfashionworld.free.apk
594,com.mld.tictactoe.apk
595,com.tripledot.woodoku.apk
596,com.dropdom.blockpuzzle.hwwgame.apk
597,pandamonium.noaaweather.apk
598,com.ibm.events.android.masters.apk
599,com.sinyee.babybus.dance.apk
600,com.Funimation.FunimationNow.apk
601,com.slingshot.car.apk
602,com.EducaGames.DinoTim.apk
603,com.firsttouchgames.dls7.apk
604,com.yasapets.hospital.apk
605,com.brave.browser.apk
606,org.pbskids.gamesapp.apk
607,com.knowledgequizgames.justriddles.apk
608,com.vicman.toonmeapp.apk
609,hint.horoscope.astrology.apk
610,com.Neurononfire.SupremeDuelist.apk
611,com.linhoapps.sgraffito.apk
612,com.playtoddlers.urbancitystories.free.apk
613,com.urbandroid.sleep.apk
614,com.playrix.fishdomdd.gplay.apk
615,com.thyduy.coloringbookpigpapig.apk
616,tv.argentina.en.vivo.tv.abierta.hd.apk
617,com.acmeaom.android.myradar.apk
618,com.edujoy.masha.games.apk
619,com.funplus.kingofavalon.apk
620,com.whatsapp.apk
621,com.budgestudios.CrayolaNailParty.apk
622,jp.ryoshirakawa.MeanBoy.apk
623,com.volcanogames.mudracing.apk
624,com.budgestudios.googleplay.BarbieDreamhouse.apk
625,com.Hippo.GoodMorning.apk
626,com.microblink.photomath.apk
627,com.cuteandtinybabygames.twinkleunicorncatprincess.free.apk
628,com.zzkko.apk
629,com.gofiveglobal.fashion.dress.up.apk
630,com.gemo.getitright.apk
631,com.hasbro.beybladesenterprise.apk
632,live.ablo.apk
633,com.dokdoapps.mybabypiano.apk
634,com.sinyee.babybus.superman.apk
635,com.alimastudios.nursery.apk
636,com.ubercab.driver.apk
637,com.hulu.plus.apk
638,com.cabify.rider.apk
639,nl.gamedia.spacescootergame.apk
640,com.redberry.glitterdressa2.apk
641,fast.phone.clean.apk
642,air.cbn.superbook.bible.app.android.apk
643,com.miga.myhospital.apk
644,com.fitnessapps.yogakidsworkouts.apk
645,sinet.startup.inDriver.apk
646,com.gamestart.datemaster.apk
647,com.wabi.customer.apk
648,ocean.nomad.survival.simulator.apk
649,com.storytoys.disney.pixar.coloring.princess.googleplay.apk
650,com.free.music.downloader.mp3.song.download.player.apk
651,com.miniclip.footballstrike.apk
652,com.kingkodestudio.z2h.apk
653,air.com.turner.boomerangmakeandrace.apk
654,com.gb.impossible.tracks.mountain.stuntracing.monstertruck.apk
655,com.bonbongame.hairdresser.hair.style.salon.game.apk
656,com.infonow.bofa.apk
657,com.sinyee.babybus.taxi.apk
658,mytown.spa.free.apk
659,com.rvappstudios.jigsaw.puzzles.kids.apk
660,com.foofoo.coloring.apk
661,com.usablenet.mobile.walgreen.apk
662,com.sinyee.babybus.colour.apk
663,com.indigokids.mashamakeup.apk
664,com.sega.sonicdash.apk
665,video.like.apk
666,com.sinyee.babybus.shopkeeper.apk
667,com.cidi.cba.apk
668,com.edujoy.kidecats.apk
669,com.billiards.shooting.ball.pool.apk
670,com.ohzegame.homepullpin.apk
671,com.sinyee.babybus.village.apk
672,co.mona.android.apk
673,com.sosscores.livefootball.apk
674,com.bible.kids.apk
675,mrle.ol.totalplay.apk
676,com.rud.twelvelocksvn.apk
677,com.dungelin.heartrate.apk
678,com.avast.android.mobilesecurity.apk
679,com.tutotoons.app.kikififipetfriends.free.apk
680,com.kingsgroup.sos.apk
681,com.gokids.tablet.apk
682,net.shapekeeper.cashmanblast.lucky.money.coin.apk
683,com.endgameinteractive.betrayalio.apk
684,com.suenovela.reader.apk
685,com.redcell.goldandgoblins.apk
686,ru.bnice.asolver.apk
687,com.usps.apk
688,com.ipasgames.nep.apk
689,com.tutotoons.app.jungleanimalhairsalon2.free.apk
690,com.refuelgames.rally.apk
691,com.coffeebeanventures.easyvoicerecorder.apk
692,mytown.street.free.apk
693,com.budgestudios.googleplay.TransformersDisasterDash.apk
694,com.budgestudios.googleplay.MyLittlePonyRainbowRunners.apk
695,com.PepiPlay.PepiHospital.apk
696,com.google.android.apps.enterprise.dmagent.apk
697,pampam.ibf2.apk
698,com.moonactive.coinmaster.apk
699,com.rvappstudios.abc_kids_toddler_tracing_phonics.apk
700,com.gonoodle.gonoodlegames.apk
701,com.whiteroom.crazydelivery.apk
702,com.getepic.Epic.apk
703,com.matlapp.movyint.apk
704,jp.pokemon.pokemonquest.apk
705,com.JindoBlu.Antistress.apk
706,com.google.android.apps.googlevoice.apk
707,com.quok.repairMaster3d.apk
708,com.facebook.talk.apk
709,com.microsoft.math.apk
710,com.educational.baby.games.apk
711,com.kid58.lianyong.princessIII.apk
712,com.mobilenik.laanonimaplus.apk
713,candymanor.homedesign.match3.apk
714,com.ubercab.eats.apk
715,com.contorra.golfpad.apk
716,com.bitstrips.imoji.apk
717,unicorn.magic.music.piano.tiles2.apk
718,com.barsstudios.swordplay.apk
719,com.musicplayer.music.apk
720,com.goplaytoday.shiftrace.apk
721,com.sinyee.babybus.greenhouse.apk
722,com.fungames.sniper3d.apk
723,com.hyperdivestudio.papersgradeplease.apk
724,com.LoopGames.Domino.apk
725,com.naver.linewebtoon.apk
726,com.miga.mypets.apk
727,com.sagosago.School.googleplay.apk
728,com.miga.mytvshows.apk
729,com.ringapp.apk
730,com.gap.mobile.oldnavy.apk
731,com.eruditoplus.acad.funnyfood.apk
732,kr.co.smartstudy.dinoworld_android_googlemarket.apk
733,com.tunubi.wallet.apk
734,com.us.army.transport.truck.apk
735,com.smartsecurityxzt.apk
736,com.devgame66.csshot.apk
737,com.rlg.mechanical.excavator.robot.flying.transforme.apk
738,com.psvn.traumatologist.apk
739,com.yalla.yallaparchisi.apk
740,com.experian.android.apk
741,com.sesameworkshop.alphabetkitchen.play.apk
742,com.pencil.madness.apk
743,com.games.smashersio.apk
744,com.bubadu.mybabycare.apk
745,com.hatunnel.plus.apk
746,com.generamobile.bubblewords.apk
747,com.soundcloud.android.apk
748,com.strava.apk
749,com.craftsman.go.apk
750,com.miga.mytown.apk
751,kr.co.smartstudy.singingphone_android_googlemarket.apk
752,com.king.farmheroessaga.apk
753,com.fitifyworkouts.bodyweight.workoutapp.apk
754,com.fetchrewards.fetchrewards.hop.apk
755,com.rvappstudios.math.games.kids.addition.subtraction.multiplication.division.apk
756,com.tr.islamicgamesapp.blogspot.djpads.game.apk
757,smellymoo.sand.apk
758,com.color.cars.apk
759,com.resultadosfutbol.mobile.apk
760,com.demin.emojipuzzle.apk
761,com.linecorp.b612.android.apk
762,com.seenax.HideAndSeek.apk
763,com.venmo.apk
764,com.doodlejoy.studio.kidsdoojoy.apk
765,com.playstrom.dop2.apk
766,com.google.android.apps.adm.apk
767,com.wawagame.app.ttnl2.apk
768,com.banconacion.mobile.apk
769,com.sagosago.SpaceBlocks.Trial.googleplay.apk
770,com.edujoy.Baby_puzzles.apk
771,com.Didactoons.ABCDinos.apk
772,com.whatsapp.w4b.apk
773,com.cleanteam.onesecurity.apk
774,com.edpuzzle.student.apk
775,com.playgendary.hitmasters.apk
776,com.isl.stairrun.apk
777,com.globant.clubpersonal.apk
778,com.turborocketgames.wildcraft.apk
779,com.hippo.tales.red_riding_hood.apk
780,com.teacapps.barcodescanner.apk
781,com.move.realtor.apk
782,com.sinyee.babybus.boat.apk
783,facebook.video.downloader.savefrom.fb.apk
784,com.thanksgod.gaming.mod_ff_skin.apk
785,com.batanga.vix.apk
786,com.grint.thegrint.pro.apk
787,com.blob.clash.runrace3d.apk
788,instagram.followers.tracker.IG.followeranalyzer.apk
789,com.zellepay.zelle.apk
790,com.sinyee.babybus.earthquake.apk
791,com.king.candycrushsodasaga.apk
792,com.razmobi.kidsdinosaurgame.apk
793,com.zinkia.pocoyo.alphabet2.apk
794,com.nianticlabs.pokemongo.apk
795,co.com.bbva.mb.apk
796,com.Lightneer.BazookaBoy.apk
797,com.budgestudios.googleplay.hellokittyfashionstar.apk
798,babyphone.freebabygames.com.babyphone.apk
799,com.Jseyn.ABCKids.apk
800,com.sagosago.World.googleplay.apk
801,cz.gdmt.AnnelidsDemo.apk
802,com.razmobi.monstertrucks2.apk
803,com.google.android.apps.meetings.apk
804,us.current.android.apk
805,musicdownloader.mp3.downloader.music.player.tube.free.apk
806,com.gameloft.android.ANMP.GloftPOHM.apk
807,ar.com.redlink.custom.apk
808,com.sinyee.babybus.number.apk
809,ar.com.bancoprovincia.CuentaDNI.apk
810,com.tocaboca.tocakitchen.apk
811,com.sanhe.clipclaps.apk
812,com.robertosuarez.juegoparanene2.apk
813,com.linkedin.android.apk
814,com.appndroide.aprenderaleeryescribir.apk
815,com.platinumplayer.word.addict.apk
816,instagram.video.downloader.story.saver.apk
817,com.paperboatapps.google.kiddopia.apk
818,ar.gob.argentinagobar.apk
819,com.camerasideas.trimmer.apk
820,com.werewolf.teenwolf.babywolf.addon.apk
821,com.sinyee.babybus.princessII.apk
822,com.pescapps.boardgameskids.apk
823,com.app.crossbar.apk
824,com.indigokids.mashakasha.apk
825,com.redstr.photoeditor.apk
826,com.bimiboo.playandlearn.apk
827,com.binibambini.acad.drawing.apk
828,com.starmakerinteractive.starmaker.apk
829,com.riotgames.league.wildrift.apk
830,com.spinmaster.gabbysdollhouse.apk
831,com.hosekiapps.xyloPhone.apk
832,com.baby.toddler.games.apk
833,com.onedebit.chime.apk
834,biz.arrowstar.funnyfood2.apk
835,com.vidangel.thechosen.apk
836,com.disney.disneyplus.apk
837,com.spilgames.mydolphinshow.apk
838,com.lomotif.android.apk
839,com.KidsGames.SuperHippo.apk
840,com.mt.mini.town.unicorn.animal.house.games.apk
841,air.br.com.chinchon.mobile.apk
842,com.indigokids.mashacleanup.apk
843,com.tt.toddler.songs.tunes.fun.games.apk
844,biz.arrowstar.funnyfood4.apk
845,com.peppapig.pollyparrot.apk
846,com.tutotoons.app.sweetbabygirlcleanup6.free.apk
847,com.callapp.contacts.apk
848,com.rvappstudios.sight.words.phonics.reading.kids.games.apk
849,com.orange.coloring.learn.kids.apk
850,com.sunny.magic.music.xylophone.apk
851,air.aprender.lasvocales.apk
852,kr.co.smartstudy.bodlebookiapfree_us_android_googlemarket.apk
853,org.pbskids.video.apk
854,udenity.draw.animals.apk
855,com.eightsec.idlearmy.apk
856,com.touchtao.soccerkinggoogle.apk
857,com.Gamelachi.SimplePianoPro.apk
858,com.ea.gp.fifamobile.apk
859,livecrickettv.game.freefire.guide.diamond.free.apk
860,com.duige.hzw.multilingual.apk
861,com.Metrafilms.KidECatsDollHouse.apk
862,com.expedia.bookings.apk
863,com.sinyee.babybus.hero.apk
864,com.lyrebirdstudio.cartoon.apk
865,com.sinyee.babybus.organized.apk
866,com.psafe.msuite.apk
867,com.criticalstrike.fps.opsshooting.apk
868,com.sinyee.babybus.delicacy.apk
869,mytown.amusementpark.free.apk
870,com.devgame.catspicnic.apk
871,com.skgames.trafficrider.apk
872,com.waze.apk
873,com.todoist.apk
874,aplicacion.tiempo.apk
875,lol.onevone.apk
876,mytown.home.apk
877,com.YovoGames.hair.apk
878,com.ruby.coloring.pages.art.kids.games.apk
879,com.PSVStudio.HippoMonstarTruck.apk
880,com.budgestudios.googleplay.BudgeWorld.apk
881,com.face.aging.face.truth.apk
882,com.ticticgames.glitterLips.apk
883,com.sinyee.babybus.natural.apk
884,com.gokids.farm.apk
885,videoslideshow.photoedit.videocutter.apk
886,com.etermax.preguntados.lite.apk
887,ge.bebi.balloon.pop.game.apk
888,com.ng_labs.kidspaint.apk
889,puzzle.blockpuzzle.cube.relax.apk
890,com.Company.aprenderjugando.apk
891,com.color.mandala.apk
892,com.sinyee.babybus.food.apk
893,com.kayac.park_master.apk
894,com.lego.common.legolife.apk
895,com.gameloft.android.ANMP.GloftDOHM.apk
896,ar.com.personal.apk
897,br.com.tapps.donotdisturb.apk
898,com.fronty.ziktalk2.apk
899,com.brubank.apk
900,com.mcdo.mcdonalds.apk
901,se.illusionlabs.bmx.apk
902,com.niksoftware.snapseed.apk
903,org.cambridgeenglish.examprepapp.a2.apk
904,com.adobe.reader.apk
905,com.devgame.kidecatssupermarket.apk
906,com.dramaton.slime.apk
907,com.tophatter.apk
908,com.game.space.shooter2.apk
909,org.thoughtcrime.securesms.apk
910,kidzooly.fivelittle.apk
911,com.playtoddlers.sunnyschoolstories.free.apk
912,com.google.android.apps.docs.editors.sheets.apk
913,com.topchopgames.skyroller.apk
914,com.binibambini.NumbersMonstersLite.apk
915,com.piupiuapps.puzzlekids.apk
916,com.crazylabs.asmr.cut.apk
917,com.jamendoandoutly.mainpakkage.apk
918,com.eup.heyjapan.apk
919,com.crunchyroll.crunchyroid.apk
920,com.sashaselyacov.alexandra.apk
921,com.hippotap.claw.apk
922,com.forqan.tech.DressupColoring.apk
923,com.randomlogicgames.infiniteconnections.apk
924,kr.co.smartstudy.pinkfongtv_android_googlemarket.apk
925,com.twitter.android.apk
926,com.extracleaner.application.apk
927,com.PSV.Baby_Cooking_School.apk
928,com.dvloper.granny.apk
929,com.gezellig.roadcrash.apk
930,tv.pluto.android.apk
931,com.vdr.tinkovu.apk
932,com.playgendary.creamaster.apk
933,com.sinyee.babybus.firemanII.apk
934,com.tarjetanaranja.emisor.serviciosClientes.appTitulares.apk
935,com.picsart.draw.apk
936,com.AntonBergov.Nochnik.apk
937,ca.lbcstudios.hempire.apk
938,com.azurgames.stackball.apk
939,com.eduapps.silabario.apk
940,com.orange.musical.game.kids.apk
941,com.gokids.bphone1.apk
942,com.cocoplay.cocopuppy.apk
943,spa.games.apk
944,com.lego.friends.heartlake.apk
945,com.crazylabs.tie.dye.art.apk
946,com.wordsmobile.RealBikeRacing.apk
947,com.edujoy.dentist.apk
948,ar.gob.coronavirus.apk
949,no.mobitroll.kahoot.android.apk
950,com.google.android.apps.youtube.kids.apk
951,com.microclip.secret.agent.usarmy.mission.apk
952,com.wb.goog.sdmc.apk
953,net.cleverbit.DinoPuzzles.apk
954,com.abcya.android.games.apk
955,com.safeincloud.free.apk
956,com.mobilefootie.wc2010.apk
957,com.sinyee.babybus.policemen.apk
958,com.ferrero.applayduGP.apk
959,com.nimblebit.legotower.apk
960,com.candyrufusgames.survivalcraft2trial.apk
961,com.loop.matchtile3d.apk
962,com.panteon.slingplane.apk
963,com.lego.moviemaker.thelegomovie2.apk
964,com.chase.sig.android.apk
965,com.didiglobal.passenger.apk
966,br.com.dafiti.apk
967,com.xtreme.heavy.truck.simulator.usa.apk
968,com.sensustech.rokuremote.apk
969,com.kocogames.wordking.apk
970,biz.arrowstar.funnyfood3.apk
971,com.justalk.kids.android.apk
972,com.gma.water.sort.puzzle.apk
973,com.kubo.leal.apk
974,com.laboladoapp.labo_brick_train_5y_free.apk
975,gen.tech.keiki.world.learning.apk
976,com.outfit7.mytalkingtomfriends.apk
977,com.mind.quiz.brain.out.apk
978,com.smo.extrahotchili3d.apk
979,easy.sudoku.puzzle.solver.free.apk
980,com.hitrolab.audioeditor.apk
981,gg.sunday.catescape.apk
982,com.robtopx.geometryjumplite.apk
983,vidma.screenrecorder.videorecorder.videoeditor.pro.apk
984,ar.com.santander.rio.mbanking.apk
985,com.spinforcash.casino.lucky.jackpot.big.win.apk
986,com.marbleblast.zuma.marblegame.apk
987,com.joyjourney.PianoWhiteGo.apk
988,com.edujoy.kids.cars.racing.apk
989,com.freediamond.tipsforfreef.freediamondforfree.apk
990,com.budgestudios.HelloKittyLunchBox.apk
991,com.duckduckgo.mobile.android.apk
992,com.beisoft.herocarssuperracinggame.apk
993,mytown.friendsclub.apk
994,com.halfbrick.dantheman.apk
995,com.mdev.es.pintarydibujar.apk
996,com.sinyee.babybus.garden.apk
997,com.co.app.unica.latam.apk
998,com.bestgames.fungames.apk
999,com.gamesforgirlsfree.dressupgames.apk
1000,mytown.hospital.free.apk
1001,org.scratchjr.android.apk
1002,com.pixel.art.coloring.color.number.apk
1003,com.tinder.apk
1004,ins.story.unfold.apk
1005,com.sportsbookbetonsports.apk
1006,com.sinyee.babybus.designer.apk
1007,com.naladex.kids.piano.apk
1008,tr.com.apps.trivia.race.apk
1009,com.iz.pretend.play.my.monster.town.airport.games.kids.apk
1010,com.sinyee.babybus.dinosaur.apk
1011,com.sinyee.babybus.motion.apk
1012,com.sinyee.babybus.kindergartenII.apk
1013,www.wheelroad.wheeloffroad.apk
1014,com.lingualeo.android.apk
1015,com.hp.printercontrol.apk
1016,com.devgame.robocar.poli.postman.kids.games.apk
1017,com.google.android.apps.youtube.music.apk
1018,com.contextlogic.wish.apk
1019,com.gamesforgirlsfree.collegegirlsteam.apk
1020,com.indigokids.mimdoctor.apk
1021,com.badoo.mobile.apk
1022,com.hippo.Hairsalon.apk
1023,com.eyuponer.realPiano.apk
1024,mytown.beautycontest.free.apk
1025,com.crayolallc.crayola_scribble_scrubbie_pets.apk
1026,com.symantec.securewifi.apk
1027,com.music4you.appproverteen.apk
1028,com.poshmark.app.apk
1029,com.david.android.languageswitch.apk
1030,screenrecorder.recorder.editor.apk
1031,com.washingtonpost.android.apk
1032,com.hopper.mountainview.play.apk
1033,paw.patrol.game.pups.runner.apk
1034,com.reddit.frontpage.apk
1035,com.playrix.township.apk
1036,com.yasapets.airport.apk
1037,com.fontskeyboard.fonts.apk
1038,pro.smart.cleaner.boost.apk
1039,com.tutotoons.app.smolsiesmycutepethouse.free.apk
1040,com.taxsee.taxsee.apk
1041,com.aa.lockemsandman.apk
1042,com.binibambini.drawingforgirls.apk
1043,com.ifttt.ifttt.apk
1044,com.pinkytale.kids.supermarket.cashier.apk
1045,com.tgame.girlgenius.apk
1046,com.stuzo.chevron.apk
1047,com.wordgame.newcross.android.en.apk
1048,com.recreationslab.perfecttime.apk
1049,com.PSVStudio.Airport2.apk
1050,co.com.tcs.bancolombia.bancaalamano.apk
1051,com.gokids.tbdoll.apk
1052,wedding.games.apk
1053,com.sinyee.babybus.repair.apk
1054,com.playhome.plus.apk
1055,xyz.klinker.messenger.apk
1056,com.subway.mobile.subwayapp03.apk
1057,com.hit.master.apk
1058,com.ua.building.Lokicraft.apk
1059,com.crazylabs.diy.make.up.apk
1060,net.apex_designs.payback2.apk
1061,com.rocket.impostor.apk
1062,com.neowiz.game.baseball.clash.apk
1063,how.draw.dinosaurs.apk
1064,mytown.preschool.free.apk
1065,com.prodigygame.prodigy.apk
1066,air.com.buffalo_studios.newflashbingo.apk
1067,com.sinyee.babybus.shopping.apk
1068,instagram.status.hd.images.video.downloader.apk
1069,com.juvomobileinc.tigoshop.co.apk
1070,com.sinyee.babybus.coffee.apk
1071,com.junkremoval.pro.apk
1072,com.mobirix.MultiplyWar.apk
1073,mnle.oz.vivoplay.apk
1074,com.ginchugames.babysitterbabydaycare.apk
1075,com.wordgame.words.connect.apk
1076,com.rsupport.mvagent.apk
1077,com.goodrx.apk
1078,com.cocoplay.carebears.apk
1079,com.vrbo.android.apk
1080,com.grability.rappi.apk
1081,com.psv.vlad_and_nikita.supermarket.apk
1082,com.icarus.carball.apk
1083,com.amazon.dee.app.apk
1084,com.mmicunovic.papercopy.apk
1085,com.paypal.android.p2pmobile.apk
1086,com.YovoGames.babycare.apk
1087,com.app.any.vpn.pro.apk
1088,com.Offs.Games.Tumblin.Monkeys.Dropping.Falling.Board.Games.Offline.Monos.Locos.Crazy.apk
1089,unlimited.securevpn.freevpn.apk
1090,com.masha_and_bear.ufo.apk
1091,com.coloring.mermaids.apk
1092,com.tt.mega.ramps.ultimate.races.apk
1093,com.fit.daily.burn.apk
1094,com.nexters.herowars.apk
1095,mor.sonunes.emulator.nes.game.nostalgia.famicom.video.game.apk
1096,com.xdev.docxreader.docx.docxviewer.document.doc.office.viewer.reader.word.apk
1097,com.ubercab.apk
1098,com.mercariapp.mercari.apk
1099,com.openworldactiongames.ropehero.crime.city.apk
1100,com.booking.apk
1101,com.sinyee.babybus.magichouse.apk
1102,com.moodle.moodlemobile.apk
1103,com.stickerstudio.text.apk
1104,com.easybrain.find.the.difference.apk
1105,com.rovio.baba.apk
1106,org.craigslist.CraigslistMobile.apk
1107,com.snapchat.android.apk
1108,com.spinmaster.enterprise.colleggtibles.apk
1109,com.dunkinbrands.otgo.apk
1110,com.firebreak.whatsclonemessenger.apk
1111,com.qoni.guesstheiranswer.apk
1112,me.mycake.apk
1113,mytown.stores.free.apk
1114,com.RbwInteractive.fortyfourCats.apk
1115,com.playgendary.kickthebuddy.apk
1116,com.frojo.moy5.apk
1117,com.gjg.colorfill3d.apk
1118,com.noxgroup.app.cleaner.apk
1119,com.tmobile.tuesdays.apk
1120,com.combineinc.streetracing.driftthreeD.apk
1121,com.avellanedaaltoque.aat.apk
1122,com.outfit7.mytalkingtomfree.apk
1123,ru.galya.drawjoust.apk
1124,com.google.android.apps.classroom.apk
1125,com.parentskit.app.apk
1126,air.com.winkypinky.violetmyvirtualhome.apk
1127,com.pescapps.kidseurosoccer.apk
1128,br.com.gerenciadorfinanceiro.controller.apk
1129,com.TapTapTales.Octonauts.apk
1130,com.YovoGames.carwash4.apk
1131,com.sillens.shapeupclub.apk
1132,com.devgame.cats.sea.adventure.kids.treasure.hunt.quest.apk
1133,com.coulombtech.apk
1134,com.iabuzz.minigames.dino.apk
1135,com.gamma.scan.apk
1136,mermaid.food.games.apk
1137,com.lovegif.emojibirthday.stickerswhatsapp.apk
1138,com.GalacticSlice.OneBitAdventure.apk
1139,cn.danatech.xingseus.apk
1140,mod.craftgame.minigame.apk
1141,videoeditor.videorecorder.screenrecorder.apk
1142,com.sinyee.babybus.careII.apk
1143,com.google.android.apps.chromecast.app.apk
1144,com.drawpuzzle.dop.drawit.justdrawit.apk
1145,com.unicostudio.whois.apk
1146,com.tencent.ig.apk
1147,com.sparkistic.photowear.apk
1148,com.darktide.iceman.apk
1149,com.mgd.pawpatrolrescuerunner.apk
1150,paint.by.number.pixel.art.coloring.drawing.puzzle.apk
1151,com.cerebelliumapps.motoextremeracing.apk
1152,com.fun.games.commando.black.shadow.apk
1153,com.indigokids.mim.apk
1154,com.cakebaking.makinggames.cakemaker.dessertcooking.apk
1155,com.musicplayer.playermusic.apk
1156,color.dev.com.whatsremoved.apk
1157,com.pixplicity.cryptogram.apk
1158,com.coloring.girlsfree.apk
1159,com.konylabs.capitalone.apk
1160,moonbear.PocketBuild.apk
1161,com.joinblob.clash.apk
1162,com.bagatrix.mathway.android.apk
1163,com.sinyee.babybus.care.apk
1164,com.l.apk
1165,com.happylabs.hps.apk
1166,com.peoplefun.wordsearch.apk
1167,com.app.green.vpn.apk
1168,com.PSVStudio.BirthdayParty.apk
1169,com.glu.baseball21.apk
1170,com.chess.chesscoach.apk
1171,com.tabtale.babycareanddressup.apk
1172,com.lebleby.gearrace3d.apk
1173,com.instabridge.android.apk
1174,com.cats.hospital_injections.apk
1175,com.playvalve.wsjourney.apk
1176,com.music.youngradiopro.apk
1177,com.tocaboca.tocahairsalon4.apk
1178,br.com.zeroum.mashaandthebear.apk
1179,com.maplesoft.companion.apk
1180,art.color.planet.paint.by.number.game.puzzle.free.apk
1181,com.google.android.apps.kids.familylink.apk
1182,com.coloring.dinosaur.apk
1183,com.sinyee.babybus.occupation.global.apk
1184,com.pluspagos.mobile.apk
1185,com.rvappstudios.abc.spelling.toddler.spell.phonics.apk
1186,com.bubadu.buildergame.apk
1187,com.gym.racegame.apk
1188,com.viber.voip.apk
1189,com.citymapper.app.release.apk
1190,mytown.grandparents.free.apk
1191,kr.co.smartstudy.babyshark_android_googlemarket.apk
1192,com.photoroom.app.apk
1193,ball.magnet.ico.apk
1194,com.yahoo.mobile.client.android.mail.apk
1195,com.bancodebogota.bancamovil.apk
1196,com.playrix.homescapes.apk
1197,com.gridplus.collagemaker.apk
1198,com.sagosago.RoadTrip.Trial.googleplay.apk
1199,com.lily.times.tweenshusky.all.apk
1200,com.orange.kidspiano.music.songs.apk
1201,es.socialpoint.DragonCity.apk
1202,com.mglstudio.boyvsblocks.apk
1203,com.igg.android.lordsmobile.apk
1204,com.cb.cakebaker.bakinggames.makergames.apk
1205,com.bubadu.supermarket.apk
1206,com.picsart.studio.apk
1207,mytown.bakery.free.apk
1208,com.sinyee.babybus.homesafe.global.apk
1209,com.dywx.larkplayer.apk
1210,com.sinyee.babybus.talk2kiki.global.apk
1211,com.osloalbet.fb.apk
1212,police.scanner.radio.broadcastify.citizen.apk
1213,com.panoramik.mightyparty.apk
1214,com.funnii.erase.story.apk
1215,women.workout.female.fitness.apk
1216,com.playstrom.bob.apk
1217,com.marsvard.stickermakerforwhatsapp.apk
1218,com.dxm.nopuzzle.apk
1219,com.gaminglegends.taxigame.taxisimulator.grand.car.driving2020.apk
1220,cz.hipercalc.apk
1221,com.mambet.tv.apk
1222,com.budgestudios.StrawberryShortcakeBakeShare.apk
1223,com.langkids.englishfokids.apk
1224,com.duwo.inter.reading.apk
1225,com.sinyee.babybus.earthquakeIII.apk
1226,com.funnylive.loveemijigifsticker.apk
1227,com.simejikeyboard.apk
1228,com.benjamind.failrun.apk
1229,com.rollic.tanglemaster3D.apk
1230,com.sdpgames.sculptpeople.apk
1231,com.vs.machopr.apk
1232,com.KaueRosa.CityTakeover.apk
1233,pl.lawiusz.funnyweather.release.apk
1234,bubbleshooter.orig.apk
1235,com.muhammedeminaksoy.maddogs.apk
1236,education.kids.learning.apk
1237,com.wordsearchpuzzle.game.android.apk
1238,com.afterpaymobile.us.apk
1239,com.astepanov.mobile.mindmathtricks.apk
1240,fashion.games.for.girls.apk
1241,com.papoworld.apps.papotownhospital.apk
1242,com.accuweather.android.apk
1243,com.PlayMax.playergames.apk
1244,com.amazon.mShop.android.shopping.apk
1245,com.WildWorks.AnimalJamPlayWild.apk
1246,com.lenovo.anyshare.gps.apk
1247,com.PSVStudio.HippoBabyBall.apk
1248,com.amanotes.pamadancingroad.apk
1249,com.rarlab.rar.apk
1250,com.razmobi.carracegamefortoddlerskidsfree.apk
1251,mytown.museum.free.apk
1252,com.turner.cnvideoapp.apk
1253,co.gov.ins.guardianes.apk
1254,com.sinyee.babybus.pen.apk
1255,com.binibambini.MiniLite.apk
1256,com.allvideodownloader.freedownloader.downloadvideos.apk
1257,com.instacart.client.apk
1258,how.draw.cutefood.apk
1259,com.appsinnova.android.keepclean.apk
1260,com.google.android.apps.docs.editors.slides.apk
1261,mytown.firestation.free.apk
1262,com.tutotoons.app.pandalufriendstreehouse.free.apk
1263,com.azure.authenticator.apk
1264,com.shaiban.audioplayer.mplayer.apk
1265,air.com.jogatina.domino.android.apk
1266,com.zillow.android.zillowmap.apk
1267,kr.co.smartstudy.babysharkcoloring_android_googlemarket.apk
1268,cf.multiplicationtablesforkidsfree.apk
1269,com.puzzle.numbertiles.apk
1270,com.fgol.HungrySharkEvolution.apk
1271,org.telegram.messenger.apk
1272,com.gameeapp.android.app.apk
1273,scratch.lucky.money.free.real.big.win.apk
1274,com.pazugames.nailsalon.apk
1275,com.dhxmedia.slugitout2.apk
1276,com.lego.legobuildinginstructions.apk
1277,com.crazylabs.acrylic.nails.apk
1278,com.google.android.apps.authenticator2.apk
1279,com.playgendary.tanks.apk
1280,com.squareup.cash.apk
1281,com.media.music.mp3.musicplayer.apk
1282,com.canciones.delagranja.apk
1283,com.sinyee.babybus.restaurant.apk
1284,com.aofl.adventureacademy.apk
1285,com.edujoy.baby.playground.apk
1286,com.miniclip.bowmasters.apk
1287,com.cuteandtinybabygames.littlefarmlife.free.apk
1288,com.billiards.city.pool.nation.club.apk
1289,com.superking.parchisi.star.apk
1290,com.budgestudios.googleplay.ThomasAndFriendsMinis.apk
1291,com.zinkia.pocoyo.talkingpocoyo2.apk
1292,com.google.android.apps.maps.apk
1293,sg.bigo.live.apk
1294,com.pixelbox.roofrails.apk
1295,com.soccer.score.star.apk
1296,net.colorcity.groovy.apk
1297,com.Store.ReaderPro.apk
1298,com.snowcorp.vita.apk
1299,online.cashemall.app.apk
1300,com.redarbor.computrabajo.apk
1301,com.orange.gamesforkids.coloring.princess.apk
1302,com.tocaboca.tocalifeworld.apk
1303,com.urbandroid.babysleep.apk
1304,com.yasapets.island.apk
1305,com.toursprung.bikemap.apk
1306,com.team.pocoyo.racing.simulator.game.apk
1307,dk.tactile.mansionstory.apk
1308,com.foofoo.tracing.apk
1309,mytown.danceschool.free.apk
1310,com.google.android.wearable.app.apk
1311,com.tutotoons.app.mybabyunicorn2.free.apk
1312,com.Garawell.BridgeRace.apk
1313,com.jeremysteckling.facerrel.apk
1314,com.ProcessGames.AventadorDriftSimulator.apk
1315,com.indigokids.mimhillclimb.apk
1316,com.root.clean.boost.explorer.filemanager.apk
1317,com.newnormalgames.phonecasediy.apk
1318,com.wingloryinternational.mydailycash.apk
1319,com.pescapps.gamekids5.apk
1320,com.sinyee.babybus.dailysafety.apk
1321,net.zedge.android.apk
1322,com.gi.talkinggummybear.apk
1323,org.thatquiz.tqmobclient.apk
1324,com.devgame.yoohoo.friends.animal.doctor.kids.apk
1325,com.pazugames.pizza.apk
1326,com.clearchannel.iheartradio.controller.apk
1327,com.microsoft.office.officehubrow.apk
1328,com.minibuu.princessphone.apk
1329,com.area730.cheetah.sim.apk
1330,com.pdftechnologies.pdfreaderpro.apk
1331,forqan.tech.babypuzzles_edu.ads.apk
1332,com.runtastic.android.apk
1333,air.com.tutotoons.app.sweetbabygirlsummerfun2.free.apk
1334,com.edujoy.vlad.niki.apk
1335,com.budgestudios.googleplay.HotWheelsUnlimited.apk
1336,com.Celltop.SpiralRoll.apk
1337,la.unum.design.apk
1338,mytown.cinema.free.apk
1339,com.location.test.apk
1340,com.two.bros.games.dot.to.dot.apk
1341,com.nickonline.android.nickapp.apk
1342,com.allstarunion.mw3.apk
1343,com.rvappstudios.numbers123.toddler.counting.tracing.apk
1344,com.sinyee.babybus.ambulance.apk
1345,com.gokids.transport2.apk
1346,com.budgestudios.ThomasAndFriendsGoGoThomas.apk
1347,com.audible.application.apk
1348,com.budgestudios.CaillouGoodNight.apk
1349,com.sinyee.babybus.math.apk
1350,com.supercell.clashroyale.apk
1351,com.lowes.android.apk
1352,com.playtoddlers.centralhospitalstories.free.apk
1353,com.workSPACE.Fraksl.apk
1354,com.isalud.app.apk
1355,com.outfit7.mytalkingangelafree.apk
1356,com.dts.freefireth.apk
1357,mylittleprincess.castle.free.apk
1358,com.sinyee.babybus.kitchens.apk
1359,com.dancing.smash.hop.game.tiles.circles.beat.piano.beatracing.apk
1360,com.frojo.moy6.apk
1361,com.playtoddlers.happydaycarestories.free.apk
1362,com.gokids.tb_island.apk
1363,com.ShondurasInc.AdleysPlaySpace.apk
1364,com.rvappstudios.baby.games.piano.phone.kids.apk
